date_start,date_stop,spend,impressions,reach,frequency,cpm,clicks,cpc,ctr,inline_link_clicks,inline_link_click_ctr,purchases,purchase_value,checkouts_initiated,purchase_roas,cpa,cvr
2025-11-20,2025-11-20,46.99,565,409,1.381418,83.168142,45,1.044222,7.964602,43,7.610619,1.0,3.99,,0.084912,46.99,0.023255813953488372
2025-11-21,2025-11-21,258.03,3456,2283,1.513798,74.661458,273,0.945165,7.899306,243,7.03125,12.0,285.45,,1.106267,21.502499999999998,0.04938271604938271
2025-11-22,2025-11-22,340.42,5533,3681,1.503124,61.525393,317,1.07388,5.729261,272,4.915959,8.0,214.57,,0.63031,42.5525,0.029411764705882353
2025-11-23,2025-11-23,795.74,12435,8822,1.409544,63.991958,593,1.341889,4.768798,502,4.036992,33.0,938.48,,1.17938,24.113333333333333,0.06573705179282868
2025-11-24,2025-11-24,860.37,18797,13359,1.407066,45.771666,762,1.129094,4.053838,641,3.410119,23.0,424.17,,0.493009,37.407391304347826,0.0358814352574103
2025-11-25,2025-11-25,807.95,20572,14773,1.39254,39.274256,728,1.109821,3.538791,581,2.824227,22.0,485.11,,0.600421,36.725,0.0378657487091222
2025-11-26,2025-11-26,1005.46,25632,18283,1.401958,39.226748,930,1.08114,3.628277,803,3.132803,29.0,558.79,,0.555756,34.67103448275862,0.0361145703611457
2025-11-27,2025-11-27,1680.43,45118,30333,1.487423,37.245224,1637,1.02653,3.628264,1345,2.981072,40.0,1178.37,,0.701231,42.01075,0.02973977695167286
2025-11-28,2025-11-28,2650.99,42638,28586,1.491569,62.174352,2207,1.201174,5.176134,1834,4.301327,85.0,3013.1,,1.136594,31.18811764705882,0.04634678298800436
2025-11-29,2025-11-29,1057.65,17386,10412,1.669804,60.833429,1126,0.939298,6.476475,944,5.429656,58.0,1655.56,,1.565319,18.235344827586207,0.0614406779661017
2025-11-30,2025-11-30,1672.33,30720,19281,1.593278,54.437826,1525,1.09661,4.964193,1276,4.153646,60.0,2322.39,,1.388715,27.872166666666665,0.047021943573667714
2025-12-01,2025-12-01,2168.02,33257,20878,1.592921,65.189885,1738,1.247422,5.225967,1410,4.239709,63.0,2166.97,,0.999516,34.41301587301587,0.04468085106382979
2025-12-02,2025-12-02,1643.64,36601,25493,1.435727,44.90697,1565,1.050249,4.275839,1269,3.467118,64.0,1883.84,,1.146139,25.681875,0.0504334121355398
2025-12-03,2025-12-03,1636.21,46328,32976,1.404901,35.31795,1587,1.031008,3.425574,1272,2.74564,46.0,1807.89,,1.104925,35.569782608695654,0.036163522012578615
2025-12-04,2025-12-04,1621.55,44819,30931,1.448999,36.179968,1534,1.057073,3.422656,1243,2.773377,37.0,1302.66,,0.803342,43.825675675675676,0.029766693483507644
2025-12-05,2025-12-05,1832.94,45118,30634,1.472808,40.625471,1515,1.209861,3.357862,1273,2.82149,62.0,2429.47,,1.32545,29.563548387096777,0.04870384917517675
2025-12-06,2025-12-06,1480.02,34131,23278,1.466234,43.362925,1391,1.063997,4.075474,1179,3.454338,53.0,1793.0,,1.21147,27.92490566037736,0.04495335029686175
2025-12-07,2025-12-07,1993.8,53966,34529,1.562918,36.945484,2215,0.900135,4.104436,1853,3.433643,68.0,2904.36,,1.456696,29.320588235294117,0.03669724770642202
2025-12-08,2025-12-08,1840.88,54278,34081,1.592618,33.915767,2215,0.831097,4.080843,1791,3.299679,75.0,2048.79,,1.112941,24.545066666666667,0.04187604690117253
2025-12-09,2025-12-09,2228.79,61669,38915,1.58471,36.141173,2288,0.974122,3.71013,1883,3.053398,71.0,2208.55,,0.990919,31.391408450704226,0.03770578863515667
2025-12-10,2025-12-10,3224.36,86923,56674,1.533737,37.09444,2647,1.218119,3.045224,2177,2.504515,80.0,2682.63,,0.831988,40.304500000000004,0.03674781809830041
2025-12-11,2025-12-11,2590.12,72995,50895,1.434227,35.483526,2360,1.097508,3.233098,1921,2.631687,72.0,2323.88,,0.897209,35.97388888888889,0.03748047891723061
2025-12-12,2025-12-12,2822.98,78975,54599,1.446455,35.745236,2780,1.01546,3.520101,2189,2.771763,86.0,2794.15,,0.989787,32.825348837209305,0.03928734582000914
2025-12-13,2025-12-13,2561.2,69781,47507,1.468857,36.703401,2749,0.931684,3.939468,2302,3.298892,81.0,3364.51,,1.313646,31.619753086419752,0.03518679409209383
2025-12-14,2025-12-14,2990.9,90890,61556,1.476542,32.90681,3406,0.878127,3.747387,2794,3.074046,101.0,3700.81,,1.237357,29.612871287128712,0.03614889047959914
2025-12-15,2025-12-15,3096.21,99678,71655,1.391082,31.06212,3196,0.968777,3.206324,2594,2.60238,71.0,2473.18,,0.798777,43.608591549295774,0.027370855821125674
2025-12-16,2025-12-16,2919.05,106370,75962,1.400305,27.442418,3059,0.95425,2.875811,2458,2.310802,87.0,3198.65,,1.095785,33.552298850574715,0.035394629780309196
2025-12-17,2025-12-17,3470.36,128124,96914,1.322038,27.085948,3357,1.033768,2.620118,2709,2.114358,88.0,2458.26,,0.708359,39.43590909090909,0.03248431155407899
2025-12-18,2025-12-18,3508.51,110980,80933,1.371258,31.613894,2964,1.183708,2.670751,2223,2.003064,63.0,2546.28,,0.725744,55.69063492063493,0.02834008097165992
2025-12-19,2025-12-19,2893.74,105508,76970,1.370768,27.426735,2386,1.2128,2.26144,1905,1.80555,49.0,1794.62,,0.620173,59.05591836734693,0.025721784776902887
2025-12-20,2025-12-20,1670.87,58924,41634,1.415286,28.356357,1913,0.873429,3.246555,1588,2.694997,53.0,1913.14,,1.144996,31.52584905660377,0.033375314861460954
2025-12-21,2025-12-21,2053.7,76222,53250,1.431399,26.943665,2120,0.968726,2.781349,1744,2.288053,54.0,2412.12,,1.174524,38.03148148148148,0.03096330275229358
2025-12-22,2025-12-22,1278.13,47842,32379,1.477563,26.715647,1345,0.950283,2.811337,1128,2.357761,31.0,1087.34,,0.850727,41.230000000000004,0.0274822695035461
2025-12-23,2025-12-23,1166.4,51318,34338,1.494496,22.728867,1213,0.961583,2.363693,1006,1.960326,25.0,792.24,,0.679218,46.656000000000006,0.02485089463220676
2025-12-24,2025-12-24,840.32,43517,30724,1.416385,19.310155,887,0.947373,2.038284,701,1.610865,18.0,1176.03,,1.399503,46.684444444444445,0.025677603423680456
2025-12-25,2025-12-25,792.29,46816,33082,1.41515,16.923488,973,0.814275,2.078349,779,1.663961,18.0,689.49,,0.87025,44.01611111111111,0.023106546854942234
2025-12-26,2025-12-26,857.69,45394,30190,1.50361,18.894347,944,0.90857,2.07957,775,1.707274,15.0,452.87,,0.528011,57.17933333333334,0.01935483870967742
2025-12-27,2025-12-27,775.43,41283,28851,1.430904,18.783276,896,0.865435,2.170385,738,1.787661,43.0,1671.72,,2.155862,18.033255813953488,0.058265582655826556
2025-12-28,2025-12-28,1077.52,48019,32818,1.463191,22.439451,1219,0.883938,2.538578,989,2.059601,40.0,1668.02,,1.548018,26.938,0.04044489383215369
2025-12-29,2025-12-29,1431.06,72406,54115,1.338002,19.764384,1426,1.003548,1.96945,1112,1.535784,27.0,994.67,,0.695058,53.00222222222222,0.024280575539568347
2025-12-30,2025-12-30,1354.29,64991,48069,1.352036,20.838116,1280,1.058039,1.969503,1016,1.563293,20.0,785.83,,0.580252,67.7145,0.01968503937007874
2025-12-31,2025-12-31,1021.95,55458,40594,1.366162,18.427459,1139,0.897234,2.053806,894,1.612031,17.0,612.8,,0.599638,60.11470588235294,0.01901565995525727
2026-01-01,2026-01-01,958.75,59139,45101,1.311257,16.211806,1470,0.652211,2.485669,1190,2.012209,24.0,673.95,,0.702947,39.947916666666664,0.020168067226890758
2026-01-02,2026-01-02,982.05,66996,51334,1.3051,14.658338,1445,0.679619,2.156845,1167,1.741895,27.0,1043.31,,1.06238,36.37222222222222,0.02313624678663239
2026-01-03,2026-01-03,827.25,49604,35301,1.405173,16.677082,1119,0.739276,2.255866,920,1.854689,35.0,1579.72,,1.909604,23.635714285714286,0.03804347826086957
2026-01-04,2026-01-04,1145.75,69031,54616,1.263934,16.597616,1571,0.729313,2.275789,1202,1.741247,27.0,1126.86,,0.983513,42.43518518518518,0.022462562396006656
2026-01-05,2026-01-05,871.05,52692,41081,1.282637,16.530972,1129,0.771523,2.14264,886,1.68147,20.0,1094.6,,1.256644,43.552499999999995,0.022573363431151242
2026-01-06,2026-01-06,762.55,44172,34679,1.273739,17.263198,892,0.854877,2.019379,729,1.650367,10.0,262.61,,0.344384,76.255,0.013717421124828532
2026-01-07,2026-01-07,927.16,49179,38805,1.267337,18.852762,1119,0.828561,2.275361,903,1.83615,9.0,865.65,,0.933658,103.01777777777778,0.009966777408637873
2026-01-08,2026-01-08,959.95,53282,40073,1.329623,18.016403,1214,0.790733,2.278443,961,1.803611,20.0,623.84,,0.649867,47.9975,0.02081165452653486
2026-01-09,2026-01-09,873.81,47341,36116,1.310804,18.457785,1222,0.715065,2.581272,948,2.002493,19.0,1524.02,,1.744109,45.989999999999995,0.020042194092827006
2026-01-10,2026-01-10,792.77,45407,32566,1.394307,17.459202,1233,0.64296,2.71544,972,2.140639,29.0,868.7,,1.095778,27.336896551724138,0.029835390946502057
2026-01-11,2026-01-11,982.23,62588,45937,1.362475,15.693583,1604,0.612363,2.562792,1253,2.001981,26.0,871.77,,0.887542,37.778076923076924,0.020750199521149242
2026-01-12,2026-01-12,1100.08,78443,61576,1.273922,14.023941,1541,0.713874,1.964484,1151,1.467307,17.0,467.3,,0.424787,64.71058823529411,0.014769765421372719
2026-01-13,2026-01-13,861.47,53271,40967,1.300339,16.171463,1206,0.71432,2.263896,932,1.749545,13.0,537.32,,0.623725,66.26692307692308,0.013948497854077254
2026-01-14,2026-01-14,795.86,49020,36764,1.33337,16.235414,1111,0.716346,2.266422,869,1.772746,14.0,665.32,,0.835976,56.847142857142856,0.01611047180667434
2026-01-15,2026-01-15,789.93,43721,32476,1.346256,18.067519,1059,0.745921,2.422177,850,1.944146,17.0,431.38,,0.546099,46.46647058823529,0.02
2026-01-16,2026-01-16,781.44,47083,37760,1.246901,16.597073,1042,0.749942,2.213113,804,1.707623,30.0,936.78,,1.198787,26.048000000000002,0.03731343283582089
2026-01-17,2026-01-17,790.05,48141,37295,1.290816,16.411167,1233,0.640754,2.561226,971,2.016992,13.0,447.29,,0.566154,60.77307692307692,0.013388259526261586
2026-01-18,2026-01-18,879.68,50266,39043,1.287452,17.500497,1562,0.563175,3.107468,1238,2.462897,24.0,884.3,,1.005252,36.65333333333333,0.01938610662358643
2026-01-19,2026-01-19,730.27,41983,32314,1.29922,17.394422,1335,0.547019,3.179859,1047,2.493867,27.0,1286.62,,1.761842,27.047037037037036,0.025787965616045846
2026-01-20,2026-01-20,711.26,42775,32805,1.303917,16.627937,1055,0.67418,2.466394,818,1.912332,21.0,753.15,,1.058895,33.86952380952381,0.02567237163814181
2026-01-21,2026-01-21,743.09,40052,30871,1.297399,18.553131,1152,0.645043,2.876261,882,2.202137,18.0,479.4,,0.645144,41.28277777777778,0.02040816326530612
2026-01-22,2026-01-22,794.37,44742,35195,1.27126,17.754459,1097,0.724129,2.451835,861,1.924366,29.0,1304.24,,1.641855,27.392068965517243,0.03368176538908246
2026-01-23,2026-01-23,1309.49,71376,55881,1.277286,18.346363,1643,0.797012,2.301894,1306,1.829747,18.0,732.97,,0.559737,72.74944444444445,0.013782542113323124
2026-01-24,2026-01-24,1101.34,57010,44571,1.279083,19.318365,1537,0.716552,2.696018,1232,2.161024,28.0,1062.54,,0.96477,39.333571428571425,0.022727272727272728
2026-01-25,2026-01-25,1925.62,149282,120628,1.23754,12.899211,3325,0.579134,2.227328,2575,1.724923,52.0,1699.69,2.0,0.882672,37.03115384615384,0.020194174757281552
2026-01-26,2026-01-26,1370.12,95509,76703,1.245179,14.345454,2068,0.662534,2.165241,1611,1.686752,39.0,1368.62,6.0,0.998905,35.13128205128205,0.024208566108007448
2026-01-27,2026-01-27,2325.36,162499,131076,1.239731,14.309996,2808,0.82812,1.728011,2129,1.310162,37.0,941.54,3.0,0.404901,62.84756756756757,0.01737905119774542
2026-01-28,2026-01-28,2169.91,121122,98646,1.227845,17.915077,2345,0.925335,1.936064,1777,1.467116,38.0,1106.9,1.0,0.510113,57.1028947368421,0.021384355655599326
2026-01-29,2026-01-29,2098.68,100260,82476,1.215626,20.932376,2057,1.020263,2.051666,1560,1.555955,45.0,1351.13,,0.6438,46.63733333333333,0.028846153846153848
2026-01-30,2026-01-30,1726.53,83958,66813,1.256612,20.564211,1883,0.916904,2.242788,1403,1.671074,38.0,1803.7,,1.044697,45.435,0.0270848182466144
2026-01-31,2026-01-31,1625.25,77774,61979,1.254844,20.897086,1964,0.82752,2.525266,1545,1.986525,23.0,1058.43,,0.651241,70.66304347826087,0.01488673139158576
2026-02-01,2026-02-01,1953.39,110809,89918,1.232334,17.628442,2319,0.842342,2.09279,1779,1.605465,57.0,1946.82,,0.996637,34.27,0.03204047217537943
2026-02-02,2026-02-02,1581.07,92123,73686,1.25021,17.162598,1825,0.86634,1.981047,1322,1.435038,22.0,849.72,,0.537434,71.86681818181818,0.01664145234493192
2026-02-03,2026-02-03,1503.51,81591,64044,1.273984,18.4274,1714,0.877194,2.100722,1353,1.658271,29.0,1341.03,61.0,0.891933,51.8451724137931,0.021433850702143386
2026-02-04,2026-02-04,1684.41,96376,75777,1.271837,17.477484,1860,0.905597,1.929941,1495,1.551216,48.0,2784.08,91.0,1.652852,35.091875,0.032107023411371234
2026-02-05,2026-02-05,1590.38,84612,66734,1.267899,18.796152,1718,0.925716,2.030445,1356,1.60261,39.0,2196.28,83.0,1.380978,40.77897435897436,0.028761061946902654
2026-02-06,2026-02-06,1644.11,90576,71966,1.258594,18.151718,1717,0.957548,1.895646,1346,1.486045,30.0,840.71,3.0,0.511347,54.803666666666665,0.022288261515601784
2026-02-07,2026-02-07,1708.61,77295,59666,1.295461,22.105052,1801,0.948701,2.330034,1436,1.857817,25.0,734.88,7.0,0.430104,68.3444,0.017409470752089137
2026-02-08,2026-02-08,1983.55,88563,66276,1.336276,22.397051,1943,1.02087,2.193918,1552,1.752425,33.0,1640.04,80.0,0.826821,60.10757575757576,0.021262886597938145
2026-02-09,2026-02-09,1328.61,63909,50252,1.27177,20.789091,1395,0.952409,2.182791,1090,1.70555,21.0,1293.39,62.0,0.973491,63.26714285714285,0.01926605504587156
2026-02-10,2026-02-10,1406.04,69808,56115,1.244017,20.141531,1419,0.990867,2.032718,1119,1.602968,44.0,2318.15,81.0,1.648708,31.955454545454543,0.03932082216264522
2026-02-11,2026-02-11,1406.88,66049,49351,1.338352,21.30055,1485,0.947394,2.248331,1151,1.742646,34.0,1784.21,61.0,1.268203,41.37882352941177,0.029539530842745437
2026-02-12,2026-02-12,1325.83,59099,45297,1.3047,22.434051,1402,0.94567,2.372291,1084,1.83421,37.0,1892.66,56.0,1.427528,35.83324324324324,0.03413284132841329
2026-02-13,2026-02-13,1721.69,83822,61888,1.354414,20.539834,1901,0.905676,2.267901,1561,1.86228,48.0,2767.89,78.0,1.607659,35.868541666666665,0.03074951953875721
2026-02-14,2026-02-14,1223.52,55913,39921,1.400591,21.882568,1462,0.836881,2.614777,1214,2.17123,53.0,2433.97,89.0,1.989318,23.085283018867923,0.04365733113673806
2026-02-15,2026-02-15,1819.18,90798,62747,1.447049,20.035463,2014,0.903267,2.218111,1610,1.773167,49.0,3140.03,113.0,1.726069,37.126122448979594,0.030434782608695653
2026-02-16,2026-02-16,1648.29,78315,58011,1.350003,21.046926,1927,0.855366,2.460576,1546,1.974079,43.0,1890.23,78.0,1.146782,38.332325581395345,0.0278137128072445
2026-02-17,2026-02-17,1607.68,88224,66590,1.324884,18.222706,1877,0.856516,2.127539,1477,1.674148,36.0,2110.71,76.0,1.312892,44.65777777777778,0.024373730534867976
2026-02-18,2026-02-18,1497.83,75273,57051,1.319398,19.898636,1609,0.930907,2.137553,1263,1.677892,40.0,2373.92,63.0,1.584906,37.44575,0.03167062549485352
2026-02-19,2026-02-19,1532.18,72267,56757,1.27327,21.201655,1706,0.898113,2.36069,1379,1.908202,50.0,2817.72,91.0,1.839027,30.643600000000003,0.03625815808556925
2026-02-20,2026-02-20,1904.97,105341,81961,1.285258,18.083842,2260,0.842907,2.145413,1816,1.723925,50.0,2788.79,103.0,1.463955,38.0994,0.02753303964757709
2026-02-21,2026-02-21,1768.71,98656,76258,1.293713,17.928053,2300,0.769004,2.331333,1809,1.833644,46.0,2323.23,105.0,1.313517,38.45021739130435,0.02542841348811498
2026-02-22,2026-02-22,1951.72,107227,82754,1.295732,18.201759,2273,0.858654,2.119802,1817,1.694536,35.0,2236.55,101.0,1.145938,55.76342857142857,0.01926252063841497
2026-02-23,2026-02-23,1368.57,74956,55542,1.349537,18.258312,1627,0.841162,2.170607,1300,1.734351,24.0,1358.33,56.0,0.992518,57.02375,0.018461538461538463
2026-02-24,2026-02-24,1403.81,79065,60364,1.309804,17.755138,1560,0.899878,1.97306,1214,1.535446,32.0,1732.74,55.0,1.234312,43.8690625,0.026359143327841845
2026-02-25,2026-02-25,1332.15,71402,56241,1.269572,18.65704,1404,0.948825,1.966331,1102,1.543374,24.0,1718.57,43.0,1.290072,55.50625,0.021778584392014518
2026-02-26,2026-02-26,1387.5,71652,54129,1.323727,19.364428,1515,0.915842,2.114386,1211,1.690113,32.0,1499.22,56.0,1.080519,43.359375,0.026424442609413706
2026-02-27,2026-02-27,0.0,0,0,0.0,,0,,,0,,4.0,257.83,3.0,,0.0,
2026-02-28,2026-02-28,0.0,0,0,0.0,,0,,,0,,6.0,165.75,1.0,,0.0,
2026-03-01,2026-03-01,0.0,0,0,0.0,,0,,,0,,,,1.0,,,
2026-03-02,2026-03-02,0.0,0,0,0.0,,0,,,0,,1.0,89.98,1.0,,0.0,
2026-03-03,2026-03-03,0.0,0,0,0.0,,0,,,0,,,,,,,
2026-03-04,2026-03-04,0.0,0,0,0.0,,0,,,0,,,,,,,
2026-03-13,2026-03-13,1996.66,88294,66230,1.333142,22.613768,1515,1.317927,1.715858,1241,1.405532,14.0,903.01,37.0,0.45226,142.61857142857144,0.011281224818694601
2026-03-14,2026-03-14,2019.04,96893,69518,1.393783,20.837831,2080,0.970692,2.146698,1672,1.725615,15.0,773.99,53.0,0.383346,134.60266666666666,0.008971291866028708
2026-03-15,2026-03-15,1091.37,48573,30448,1.595277,22.468655,1001,1.09028,2.060816,997,2.052581,11.0,704.28,43.0,0.645317,99.21545454545453,0.011033099297893681
2026-03-16,2026-03-16,1319.98,76891,54828,1.402404,17.166899,961,1.373548,1.249821,904,1.17569,11.0,728.13,29.0,0.551622,119.99818181818182,0.012168141592920354
2026-03-17,2026-03-17,1253.6,64886,39746,1.632516,19.320038,940,1.333617,1.448695,867,1.33619,13.0,719.03,33.0,0.573572,96.43076923076923,0.014994232987312572
2026-03-18,2026-03-18,1242.98,62720,40528,1.547572,19.817921,887,1.40133,1.414222,786,1.253189,18.0,927.93,43.0,0.746537,69.05444444444444,0.022900763358778626
2026-03-19,2026-03-19,1183.17,51997,34160,1.52216,22.754582,696,1.699957,1.338539,609,1.171221,10.0,531.28,19.0,0.449031,118.31700000000001,0.016420361247947456
2026-03-20,2026-03-20,1198.72,43132,28769,1.499253,27.791895,728,1.646593,1.687842,668,1.548734,15.0,688.08,34.0,0.574012,79.91466666666666,0.02245508982035928
2026-03-21,2026-03-21,1076.57,41830,27777,1.505922,25.736792,705,1.52705,1.685393,648,1.549127,14.0,1092.93,35.0,1.015196,76.89785714285713,0.021604938271604937
2026-03-22,2026-03-22,1297.21,49442,33847,1.46075,26.237005,768,1.689076,1.553335,683,1.381417,19.0,1112.77,52.0,0.857818,68.2742105263158,0.027818448023426062
2026-03-23,2026-03-23,1460.36,70131,53743,1.304933,20.823316,1357,1.076168,1.93495,1059,1.510031,27.0,1512.16,73.0,1.035471,54.087407407407404,0.025495750708215296
2026-03-24,2026-03-24,1073.22,51937,41147,1.262231,20.663881,1085,0.989143,2.089069,866,1.667405,13.0,976.64,68.0,0.910009,82.55538461538461,0.015011547344110854
2026-03-25,2026-03-25,1081.27,52744,41478,1.271614,20.500341,914,1.183009,1.732899,752,1.425755,22.0,1254.44,50.0,1.160154,49.14863636363636,0.02925531914893617
2026-03-26,2026-03-26,1402.11,75556,63516,1.189559,18.557229,1141,1.228843,1.510138,899,1.189846,15.0,1166.43,55.0,0.83191,93.47399999999999,0.01668520578420467
2026-03-27,2026-03-27,1940.79,107781,87130,1.237014,18.006792,1745,1.112201,1.619024,1364,1.265529,26.0,1752.7,58.0,0.903086,74.64576923076923,0.01906158357771261
2026-03-28,2026-03-28,1582.19,92947,73317,1.267741,17.022497,1528,1.035465,1.643948,1211,1.302893,32.0,2069.59,88.0,1.308054,49.4434375,0.026424442609413706
2026-03-29,2026-03-29,1833.13,107969,84226,1.281896,16.978299,1717,1.067635,1.590271,1430,1.324454,41.0,2377.98,105.0,1.297224,44.71048780487805,0.028671328671328673
2026-03-30,2026-03-30,1763.9,113479,94112,1.205787,15.543845,1485,1.187811,1.308612,1175,1.035434,29.0,1495.01,65.0,0.847559,60.824137931034485,0.02468085106382979
2026-03-31,2026-03-31,2024.42,113118,94146,1.201517,17.896533,1673,1.210054,1.478987,1273,1.125374,32.0,2098.3,122.0,1.036494,63.263125,0.02513747054202671
2026-04-01,2026-04-01,2232.72,124438,104333,1.1927,17.942429,1927,1.158651,1.548562,1399,1.124255,32.0,2191.55,128.0,0.981561,69.7725,0.0228734810578985
2026-04-02,2026-04-02,2018.38,100236,85453,1.172996,20.136278,1731,1.16602,1.726924,1290,1.286963,25.0,1622.09,70.0,0.803659,80.7352,0.01937984496124031
2026-04-03,2026-04-03,2177.31,116883,94845,1.232358,18.628115,1771,1.229424,1.51519,1352,1.156712,28.0,1537.03,84.0,0.705931,77.76107142857143,0.020710059171597635
2026-04-04,2026-04-04,2724.53,142694,113779,1.254133,19.093515,2154,1.26487,1.509524,1735,1.215889,31.0,1865.65,84.0,0.68476,87.88806451612903,0.017867435158501442
2026-04-05,2026-04-05,4214.25,244384,194095,1.259095,17.244378,2824,1.492298,1.155558,2179,0.89163,35.0,2328.3,103.0,0.552483,120.40714285714286,0.016062413951353834
2026-04-06,2026-04-06,1921.55,93468,74605,1.252838,20.558373,1388,1.384402,1.485,1130,1.20897,35.0,2225.26,91.0,1.158055,54.90142857142857,0.030973451327433628
2026-04-07,2026-04-07,3017.91,140902,121575,1.158972,21.418504,1924,1.56856,1.365488,1404,0.996437,30.0,2146.18,115.0,0.711148,100.597,0.021367521367521368
2026-04-08,2026-04-08,2640.56,115261,94994,1.21335,22.909397,1844,1.431974,1.599847,1391,1.206826,53.0,3797.08,140.0,1.437983,49.82188679245283,0.038102084831056794
2026-04-09,2026-04-09,1951.45,95567,78625,1.215479,20.419706,1482,1.316768,1.550745,1182,1.236829,48.0,2945.16,128.0,1.509216,40.655208333333334,0.04060913705583756
2026-04-10,2026-04-10,2146.6,109680,90021,1.218382,19.571481,1417,1.514891,1.29194,1112,1.013859,49.0,2937.07,101.0,1.368243,43.80816326530612,0.044064748201438846
2026-04-11,2026-04-11,2324.11,111546,91892,1.213882,20.83544,1693,1.372776,1.517759,1276,1.143923,47.0,2908.55,107.0,1.251468,49.44914893617022,0.03683385579937304
2026-04-12,2026-04-12,2704.78,132235,102398,1.291383,20.454343,2009,1.346332,1.519265,1545,1.168374,39.0,2501.86,107.0,0.924977,69.35333333333334,0.02524271844660194
2026-04-13,2026-04-13,2488.01,134588,111853,1.203258,18.486121,1897,1.31155,1.409487,1451,1.078105,37.0,2249.66,100.0,0.904201,67.24351351351352,0.025499655410062026
2026-04-14,2026-04-14,2478.02,129038,97185,1.327756,19.2038,1824,1.358564,1.413537,1412,1.094251,45.0,3211.01,92.0,1.295797,55.06711111111111,0.03186968838526912
2026-04-15,2026-04-15,3054.86,153566,125869,1.220046,19.892815,2567,1.190051,1.671594,2077,1.352513,44.0,2376.98,119.0,0.778098,69.42863636363637,0.02118440057775638
2026-04-16,2026-04-16,3075.03,164641,132321,1.244255,18.677182,2862,1.074434,1.738328,2332,1.416415,83.0,6081.46,116.0,1.977691,37.04855421686747,0.0355917667238422
2026-04-17,2026-04-17,3091.01,160415,132079,1.214538,19.268834,2564,1.205542,1.598354,2141,1.334663,56.0,3627.68,82.0,1.173623,55.19660714285715,0.026156001868285848
2026-04-18,2026-04-18,2630.28,121944,96279,1.266569,21.569573,2256,1.165904,1.85003,1837,1.506429,86.0,5559.59,94.0,2.113688,30.5846511627907,0.046815459989112684
2026-04-19,2026-04-19,3304.78,161191,127946,1.259836,20.502261,2827,1.169006,1.75382,2282,1.415712,66.0,4102.11,123.0,1.241266,50.07242424242425,0.028921998247151623
2026-04-20,2026-04-20,2818.65,138681,106902,1.297272,20.324702,1827,1.542775,1.317412,1441,1.039075,27.0,1604.99,71.0,0.569418,104.39444444444445,0.018736988202637056
2026-04-21,2026-04-21,2787.43,135936,112881,1.204242,20.505458,2026,1.375829,1.490407,1630,1.199094,46.0,3154.54,102.0,1.131702,60.596304347826084,0.02822085889570552
2026-04-22,2026-04-22,2653.67,133813,108484,1.233481,19.831182,1898,1.39814,1.418397,1555,1.162069,28.0,1847.11,63.0,0.696059,94.77392857142857,0.0180064308681672
2026-04-23,2026-04-23,2750.25,130878,107053,1.222553,21.013845,1821,1.510297,1.391372,1493,1.140757,36.0,2398.85,83.0,0.87223,76.39583333333333,0.024112525117213665
2026-04-24,2026-04-24,2903.0,158163,124546,1.269916,18.354482,2065,1.405811,1.305615,1652,1.044492,36.0,2365.23,86.0,0.814754,80.63888888888889,0.021791767554479417
2026-04-25,2026-04-25,2514.12,129416,103552,1.249768,19.426655,1855,1.355321,1.433362,1478,1.142054,26.0,1492.41,79.0,0.593611,96.69692307692307,0.017591339648173207
2026-04-26,2026-04-26,2772.17,142621,103244,1.381397,19.43732,2042,1.357576,1.431767,1629,1.142188,44.0,2788.89,128.0,1.006031,63.00386363636364,0.027010435850214856
2026-04-27,2026-04-27,2445.27,146624,112531,1.302965,16.677147,1918,1.274906,1.308108,1520,1.036665,40.0,2656.88,97.0,1.086539,61.13175,0.02631578947368421
2026-04-28,2026-04-28,2429.83,125139,96382,1.298365,19.417048,1937,1.25443,1.547879,1692,1.352096,37.0,2471.19,82.0,1.017022,65.67108108108108,0.02186761229314421
2026-04-29,2026-04-29,2579.28,118325,89228,1.326097,21.798267,2135,1.208094,1.804352,1871,1.581238,34.0,2006.81,77.0,0.77805,75.86117647058825,0.018172100481026188
2026-04-30,2026-04-30,2833.72,129847,100589,1.290867,21.823531,2210,1.282226,1.702003,1896,1.46018,27.0,1820.71,101.0,0.642516,104.95259259259258,0.014240506329113924
2026-05-01,2026-05-01,1912.71,77426,55515,1.394686,24.703717,1463,1.307389,1.889546,1289,1.664815,36.0,1751.77,108.0,0.915858,53.130833333333335,0.027928626842513578
2026-05-02,2026-05-02,2051.03,94278,65014,1.450118,21.755128,2281,0.89918,2.41944,2161,2.292157,49.0,3048.27,113.0,1.486214,41.85775510204082,0.022674687644608976
2026-05-03,2026-05-03,2764.3,139314,98339,1.416671,19.842227,2573,1.074349,1.846907,2290,1.643769,61.0,3873.7,132.0,1.401331,45.31639344262295,0.026637554585152837
2026-05-04,2026-05-04,2431.9,122857,86033,1.428022,19.794558,2225,1.092989,1.811049,1950,1.587211,41.0,2223.24,111.0,0.914199,59.31463414634147,0.021025641025641025
2026-05-05,2026-05-05,2286.96,109489,79543,1.376476,20.887578,2093,1.092671,1.911608,1810,1.653134,40.0,2660.83,90.0,1.163479,57.174,0.022099447513812154
2026-05-06,2026-05-06,2573.52,121602,87337,1.392331,21.163468,2404,1.070516,1.976941,2149,1.767241,39.0,2641.92,103.0,1.026578,65.98769230769231,0.01814797580269893
2026-05-07,2026-05-07,2408.56,122481,88474,1.384373,19.664764,2227,1.081527,1.818241,1936,1.580653,21.0,1181.4,104.0,0.490501,114.69333333333333,0.01084710743801653
2026-05-08,2026-05-08,2462.35,124514,91440,1.361702,19.775688,2147,1.146879,1.724304,1921,1.542798,36.0,2080.19,72.0,0.844799,68.39861111111111,0.018740239458615304
2026-05-09,2026-05-09,2339.49,117790,83945,1.403181,19.861533,2178,1.074146,1.849053,1929,1.63766,35.0,2229.43,68.0,0.952956,66.84257142857142,0.018144116122343183
2026-05-10,2026-05-10,2841.25,135070,94679,1.42661,21.035389,2500,1.1365,1.850892,2199,1.628045,40.0,2568.8,99.0,0.904109,71.03125,0.018190086402910415
2026-05-11,2026-05-11,2347.64,108444,76331,1.420707,21.648408,2213,1.06084,2.040685,2054,1.894065,27.0,1715.83,72.0,0.730874,86.94962962962963,0.01314508276533593
2026-05-12,2026-05-12,2565.86,112560,83091,1.354659,22.795487,1988,1.290674,1.766169,1810,1.608031,29.0,1818.8,65.0,0.708846,88.47793103448276,0.016022099447513812
2026-05-13,2026-05-13,2529.97,116600,89496,1.302852,21.697856,2031,1.245677,1.741852,1805,1.548027,27.0,1615.87,55.0,0.638691,93.70259259259258,0.014958448753462604
2026-05-14,2026-05-14,1922.17,79437,57264,1.387207,24.197414,1208,1.5912,1.520702,1068,1.344462,31.0,2042.71,59.0,1.06271,62.005483870967744,0.02902621722846442
2026-05-15,2026-05-15,1349.38,70498,58382,1.20753,19.140685,850,1.587506,1.205708,690,0.978751,22.0,1504.4,38.0,1.114882,61.33545454545455,0.03188405797101449
2026-05-16,2026-05-16,1619.39,85626,75687,1.131317,18.912363,796,2.03441,0.929624,577,0.673861,15.0,1344.09,38.0,0.829998,107.95933333333333,0.025996533795493933
2026-05-17,2026-05-17,2457.27,151075,131914,1.145254,16.265233,1728,1.422031,1.143803,1358,0.898891,35.0,1930.56,84.0,0.785652,70.20771428571429,0.02577319587628866
2026-05-18,2026-05-18,1347.38,67196,50021,1.343356,20.051491,1020,1.320961,1.517948,855,1.272397,20.0,1380.42,45.0,1.024522,67.369,0.023391812865497075
2026-05-19,2026-05-19,1233.46,46989,32295,1.454993,26.249973,852,1.447723,1.81319,726,1.545042,8.0,510.46,18.0,0.413844,154.1825,0.011019283746556474
2026-05-20,2026-05-20,1234.84,56102,42350,1.324723,22.010624,827,1.493156,1.474101,706,1.258422,13.0,803.92,29.0,0.651032,94.9876923076923,0.018413597733711047
2026-05-21,2026-05-21,1210.9,46620,33503,1.391517,25.973831,801,1.511735,1.718147,695,1.490776,14.0,853.83,31.0,0.70512,86.49285714285715,0.02014388489208633
2026-05-22,2026-05-22,1264.87,47717,33730,1.414675,26.507744,859,1.472491,1.800197,787,1.649307,19.0,1128.45,46.0,0.892147,66.5721052631579,0.0241423125794155
2026-05-23,2026-05-23,1160.27,41209,28457,1.448115,28.155743,697,1.664663,1.691378,583,1.41474,18.0,1880.55,47.0,1.620787,64.45944444444444,0.030874785591766724
2026-05-24,2026-05-24,1369.81,53400,37644,1.418553,25.651873,862,1.589107,1.614232,717,1.342697,17.0,1371.36,287.0,1.001132,80.57705882352941,0.023709902370990237
2026-05-25,2026-05-25,1300.3,54555,39639,1.376296,23.834662,992,1.310786,1.818348,858,1.572725,25.0,1565.59,336.0,1.204022,52.012,0.029137529137529136
2026-05-26,2026-05-26,1073.14,53113,40066,1.325638,20.204846,761,1.410171,1.432794,628,1.182385,15.0,774.0,203.0,0.721248,71.54266666666668,0.02388535031847134
2026-05-27,2026-05-27,1254.58,58211,44940,1.295305,21.552284,963,1.302783,1.654327,850,1.460205,23.0,1230.5,263.0,0.980806,54.546956521739126,0.027058823529411764
2026-05-28,2026-05-28,1358.86,61231,44859,1.364966,22.192354,963,1.41107,1.572733,832,1.358789,17.0,938.81,221.0,0.690881,79.93294117647058,0.020432692307692308
2026-05-29,2026-05-29,1448.46,69407,55179,1.257852,20.869077,1072,1.351175,1.544513,882,1.270765,21.0,1234.36,223.0,0.852188,68.97428571428571,0.023809523809523808
2026-05-30,2026-05-30,1170.26,49945,39052,1.278936,23.430974,888,1.31786,1.777956,751,1.503654,20.0,1245.55,258.0,1.064336,58.513,0.02663115845539281
2026-05-31,2026-05-31,1459.6,55829,41087,1.3588,26.144119,1108,1.317329,1.984632,989,1.771481,24.0,1650.9,292.0,1.131063,60.81666666666666,0.024266936299292215
2026-06-01,2026-06-01,1423.98,61000,47247,1.291087,23.343934,1045,1.36266,1.713115,885,1.45082,32.0,1816.59,267.0,1.275713,44.499375,0.03615819209039548
2026-06-02,2026-06-02,1582.57,72350,55234,1.309882,21.873808,1012,1.563804,1.398756,798,1.102972,27.0,1381.31,279.0,0.872827,58.6137037037037,0.03383458646616541
2026-06-03,2026-06-03,1578.55,76258,57308,1.330669,20.700123,1127,1.400665,1.477878,902,1.182827,21.0,1295.25,301.0,0.820532,75.16904761904762,0.02328159645232816
2026-06-04,2026-06-04,1515.43,60499,43872,1.378989,25.048844,1082,1.400582,1.788459,947,1.565315,32.0,2003.38,328.0,1.321988,47.3571875,0.0337909186906019
2026-06-05,2026-06-05,1586.48,63460,44108,1.438741,24.999685,1172,1.353652,1.846833,1087,1.71289,26.0,1589.9,307.0,1.002156,61.01846153846154,0.02391904323827047
2026-06-06,2026-06-06,1464.01,96300,77559,1.241635,15.202596,1237,1.183517,1.284528,966,1.003115,15.0,996.86,274.0,0.680911,97.60066666666667,0.015527950310559006
2026-06-07,2026-06-07,1760.84,69938,47232,1.480733,25.177157,1428,1.233081,2.041808,1269,1.814464,42.0,2482.38,403.0,1.40977,41.9247619047619,0.03309692671394799
2026-06-08,2026-06-08,1555.9,78773,58864,1.33822,19.751692,1286,1.209876,1.632539,1127,1.430693,42.0,3077.37,340.0,1.977871,37.0452380952381,0.037267080745341616
2026-06-09,2026-06-09,1831.89,79879,56574,1.411938,22.933312,1235,1.483312,1.546088,1065,1.333267,32.0,2110.36,375.0,1.152012,57.2465625,0.03004694835680751
2026-06-10,2026-06-10,1805.61,76393,55443,1.377866,23.635804,1216,1.484877,1.591769,982,1.285458,26.0,1440.22,367.0,0.797636,69.44653846153845,0.026476578411405296
2026-06-11,2026-06-11,1480.95,73041,53187,1.373287,20.275599,1140,1.299079,1.560767,878,1.202065,24.0,1824.92,314.0,1.232263,61.706250000000004,0.02733485193621868
2026-06-12,2026-06-12,1386.74,64077,47786,1.340916,21.641775,935,1.483144,1.459182,741,1.156421,27.0,1468.15,317.0,1.058706,51.36074074074074,0.03643724696356275
2026-06-13,2026-06-13,1534.56,64431,42866,1.503079,23.817107,1074,1.428827,1.666899,867,1.345626,28.0,1693.74,375.0,1.10373,54.80571428571428,0.03229527104959631
2026-06-14,2026-06-14,1721.43,85092,65524,1.298639,20.230221,1212,1.420322,1.424341,936,1.099986,34.0,2434.87,384.0,1.414446,50.63029411764706,0.03632478632478633
2026-06-15,2026-06-15,1665.51,74587,54580,1.366563,22.329763,1189,1.400765,1.594112,945,1.266977,28.0,1727.82,351.0,1.037412,59.4825,0.02962962962962963
2026-06-16,2026-06-16,1770.88,81508,59645,1.366552,21.726456,1359,1.303076,1.667321,1065,1.30662,31.0,1808.63,416.0,1.021317,57.12516129032259,0.02910798122065728
2026-06-17,2026-06-17,1511.51,73449,53329,1.377281,20.579041,1103,1.370363,1.501722,924,1.258016,31.0,1748.39,403.0,1.156717,48.75838709677419,0.03354978354978355
2026-06-18,2026-06-18,1696.88,85535,66340,1.289343,19.838429,1205,1.408199,1.40878,953,1.114164,26.0,1516.71,367.0,0.893823,65.26461538461538,0.02728226652675761
2026-06-19,2026-06-19,1882.1,85863,62339,1.377356,21.919802,1355,1.389004,1.578095,1078,1.255488,25.0,1551.97,427.0,0.824595,75.28399999999999,0.023191094619666047
2026-06-20,2026-06-20,1752.61,77357,54040,1.431477,22.656127,1262,1.388756,1.631397,1057,1.366392,33.0,2041.35,445.0,1.164749,53.10939393939394,0.03122043519394513
2026-06-21,2026-06-21,2190.92,118631,84168,1.409455,18.46836,1663,1.31745,1.401826,1395,1.175915,33.0,2477.42,536.0,1.130767,66.39151515151515,0.023655913978494623
2026-06-22,2026-06-22,2087.48,124484,93775,1.327475,16.769063,1635,1.276746,1.313422,1327,1.066,39.0,2132.16,486.0,1.021404,53.525128205128205,0.0293896006028636
2026-06-23,2026-06-23,2107.29,115421,87165,1.324167,18.257423,1494,1.410502,1.294392,1305,1.130643,34.0,2085.29,429.0,0.98956,61.97911764705882,0.026053639846743294
2026-06-24,2026-06-24,2001.26,75150,56160,1.338141,26.630206,1166,1.716346,1.551564,962,1.280106,30.0,2085.5,382.0,1.042093,66.70866666666667,0.031185031185031187
2026-06-25,2026-06-25,1984.66,79022,60019,1.316616,25.115284,1215,1.633465,1.537547,1001,1.266736,36.0,2144.32,347.0,1.080447,55.129444444444445,0.03596403596403597
2026-06-26,2026-06-26,2013.7,88553,68242,1.297632,22.740054,1198,1.680885,1.352862,935,1.055865,20.0,1390.57,325.0,0.690555,100.685,0.0213903743315508
2026-06-27,2026-06-27,2325.88,101953,82838,1.230752,22.813257,1454,1.599642,1.426147,1179,1.156415,24.0,1584.64,441.0,0.681308,96.91166666666668,0.020356234096692113
2026-06-28,2026-06-28,2305.3,102113,81163,1.258123,22.57597,1494,1.543039,1.463085,1248,1.222175,22.0,1083.19,459.0,0.469869,104.78636363636365,0.017628205128205128
2026-06-29,2026-06-29,2118.26,93143,73426,1.268529,22.74202,1284,1.649735,1.378525,1033,1.109047,36.0,2191.75,341.0,1.034694,58.84055555555556,0.03484995159728945
2026-06-30,2026-06-30,2161.8,95633,73877,1.294489,22.605168,1340,1.613284,1.40119,1082,1.131409,32.0,1955.58,370.0,0.904607,67.55625,0.029574861367837338
2026-07-01,2026-07-01,1976.31,93549,69779,1.340647,21.125934,1349,1.465019,1.442025,1092,1.167303,32.0,1641.92,349.0,0.830801,61.7596875,0.029304029304029304
2026-07-02,2026-07-02,2200.37,97975,75387,1.299627,22.458484,1383,1.591012,1.411585,1099,1.121715,20.0,1032.28,349.0,0.469139,110.01849999999999,0.018198362147406732
2026-07-03,2026-07-03,2192.7,94828,68131,1.391848,23.122917,1259,1.74162,1.327667,1058,1.115704,28.0,1600.28,360.0,0.729822,78.31071428571428,0.026465028355387523
2026-07-04,2026-07-04,2164.65,92351,69691,1.32515,23.439378,1287,1.681935,1.393596,1082,1.171617,37.0,2116.23,379.0,0.977631,58.50405405405406,0.034195933456561925
2026-07-05,2026-07-05,2155.82,93778,66960,1.400508,22.988547,1289,1.672475,1.374523,1121,1.195376,27.0,1671.54,384.0,0.775362,79.84518518518519,0.02408563782337199
2026-07-06,2026-07-06,1987.45,93634,67945,1.378085,21.22573,1263,1.573595,1.348869,1047,1.118184,39.0,2380.99,458.0,1.198013,50.96025641025641,0.03724928366762178
2026-07-07,2026-07-07,2324.12,96627,69424,1.391839,24.052491,1356,1.713953,1.403334,1146,1.186004,34.0,2212.0,414.0,0.951758,68.3564705882353,0.029668411867364748
2026-07-08,2026-07-08,2249.74,89246,64063,1.393097,25.208301,1380,1.630246,1.546288,1159,1.298658,29.0,1755.61,385.0,0.780361,77.57724137931034,0.025021570319240724
2026-07-09,2026-07-09,2089.03,85023,62229,1.366292,24.570175,1270,1.644906,1.493713,1052,1.237312,39.0,2042.99,360.0,0.977961,53.5648717948718,0.0370722433460076
2026-07-10,2026-07-10,1848.63,73342,54582,1.343703,25.205612,1069,1.729308,1.457555,915,1.24758,38.0,2241.77,358.0,1.212666,48.64815789473685,0.041530054644808745
2026-07-11,2026-07-11,2208.5,94010,73295,1.282625,23.492182,1336,1.653069,1.421125,1106,1.176471,27.0,1979.86,370.0,0.896473,81.79629629629629,0.024412296564195298
2026-07-12,2026-07-12,2395.22,81895,57264,1.430131,29.247451,1475,1.623878,1.801087,1240,1.514134,42.0,2361.45,505.0,0.985901,57.02904761904762,0.03387096774193549
2026-07-13,2026-07-13,2369.43,91578,65609,1.395815,25.873354,1564,1.514981,1.707834,1298,1.417371,48.0,2897.78,497.0,1.222986,49.363125,0.03697996918335902
2026-07-14,2026-07-14,2316.9,99924,72045,1.386966,23.186622,1795,1.290752,1.796365,1414,1.415075,55.0,3264.48,563.0,1.408986,42.125454545454545,0.038896746817538894
2026-07-15,2026-07-15,2366.6,112438,85150,1.32047,21.048044,1847,1.281321,1.642683,1450,1.2896,44.0,2413.83,553.0,1.019957,53.78636363636363,0.030344827586206897
2026-07-16,2026-07-16,2522.11,131741,101236,1.301326,19.144458,2228,1.132006,1.691197,1727,1.310905,36.0,2122.18,681.0,0.84143,70.05861111111112,0.020845396641574986
2026-07-17,2026-07-17,2593.01,138780,105181,1.31944,18.684321,2360,1.098733,1.700533,1826,1.315752,41.0,2648.08,685.0,1.021238,63.24414634146342,0.022453450164293537
2026-07-18,2026-07-18,2413.17,136720,105477,1.296207,17.650453,2279,1.058872,1.66691,1783,1.304125,39.0,2612.13,637.0,1.082448,61.87615384615385,0.021873247335950644
2026-07-19,2026-07-19,2425.1,122472,87694,1.396584,19.801261,2058,1.178377,1.680384,1642,1.340715,42.0,2708.23,640.0,1.11675,57.74047619047619,0.025578562728380026
2026-07-20,2026-07-20,2327.23,126399,94448,1.338292,18.411775,2063,1.12808,1.632133,1642,1.299061,39.0,2295.07,596.0,0.986181,59.6725641025641,0.023751522533495738
2026-07-21,2026-07-21,2453.24,131625,95014,1.385322,18.638101,2199,1.115616,1.670655,1701,1.292308,50.0,3408.97,606.0,1.389579,49.0648,0.029394473838918283
2026-07-22,2026-07-22,2466.76,127382,92922,1.370849,19.365059,2015,1.224199,1.581856,1551,1.217597,30.0,1875.71,509.0,0.760394,82.22533333333334,0.019342359767891684
2026-07-23,2026-07-23,2652.7,133865,92331,1.449838,19.816233,2207,1.201948,1.648676,1729,1.2916,37.0,2228.97,568.0,0.840265,71.69459459459459,0.021399652978600348
2026-07-24,2026-07-24,2643.39,119929,83673,1.433306,22.041291,2105,1.255767,1.755205,1608,1.340793,40.0,2852.16,550.0,1.078978,66.08475,0.024875621890547265
2026-07-25,2026-07-25,2559.07,126484,91532,1.381856,20.232361,2303,1.11119,1.820784,1731,1.368553,45.0,3140.76,596.0,1.227305,56.86822222222223,0.025996533795493933
2026-07-26,2026-07-26,2712.51,122954,82025,1.498982,22.061177,2511,1.080251,2.042227,2017,1.640451,56.0,3782.44,823.0,1.394443,48.43767857142858,0.027764005949429845
2026-07-27,2026-07-27,2429.28,121765,87827,1.386419,19.950561,2066,1.175837,1.696711,1606,1.318934,50.0,2901.86,640.0,1.194535,48.58560000000001,0.031133250311332503
2026-07-28,2026-07-28,2652.69,129783,98440,1.318397,20.439426,2159,1.228666,1.663546,1662,1.280599,40.0,2260.77,612.0,0.852256,66.31725,0.024067388688327317
2026-07-29,2026-07-29,2934.11,188030,145457,1.292684,15.604478,2814,1.042683,1.49657,2121,1.128011,35.0,2400.3,700.0,0.818067,83.83171428571428,0.0165016501650165
2026-07-30,2026-07-30,2979.62,221195,156658,1.411961,13.470558,3371,0.883898,1.523995,2305,1.042067,38.0,2727.2,637.0,0.915285,78.41105263157894,0.01648590021691974
2026-07-31,2026-07-31,2903.39,207115,148400,1.395654,14.018251,2969,0.977902,1.433503,2238,1.080559,60.0,4695.17,693.0,1.617134,48.38983333333333,0.02680965147453083
2026-08-01,2026-08-01,2686.14,188341,138070,1.364098,14.26211,2773,0.968677,1.472329,2146,1.139423,36.0,2309.98,674.0,0.859963,74.615,0.016775396085740912
2026-08-02,2026-08-02,3246.95,216930,150249,1.443803,14.967732,3098,1.048079,1.42811,2391,1.102199,57.0,3736.15,805.0,1.150664,56.964035087719296,0.02383939774153074
2026-08-03,2026-08-03,2656.07,147638,110645,1.33434,17.990423,2428,1.093933,1.644563,1819,1.232068,41.0,3222.76,632.0,1.213357,64.78219512195122,0.022539857064321055
2026-08-04,2026-08-04,2372.6,95509,68277,1.398846,24.841638,1769,1.34121,1.852181,1343,1.40615,41.0,2928.64,478.0,1.234359,57.86829268292683,0.03052866716306776
2026-08-05,2026-08-05,2799.78,110375,75780,1.456519,25.36607,1975,1.41761,1.789354,1524,1.380747,40.0,2559.0,512.0,0.914,69.9945,0.026246719160104987
2026-08-06,2026-08-06,2591.76,99768,72465,1.376775,25.977869,2008,1.290717,2.012669,1415,1.41829,38.0,2912.24,523.0,1.123653,68.20421052631579,0.02685512367491166
2026-08-07,2026-08-07,2635.79,103850,77122,1.346568,25.380741,1585,1.662959,1.52624,1231,1.185364,39.0,2887.33,450.0,1.095432,67.58435897435898,0.03168155970755483
2026-08-08,2026-08-08,2593.73,108030,79223,1.363619,24.009349,1867,1.38925,1.728224,1272,1.177451,30.0,2258.35,422.0,0.870696,86.45766666666667,0.02358490566037736
2026-08-09,2026-08-09,2837.61,109240,76780,1.422766,25.975925,2054,1.381504,1.880264,1413,1.293482,34.0,2557.63,570.0,0.901332,83.45911764705883,0.024062278839348902
2026-08-10,2026-08-10,2178.63,96517,71611,1.347796,22.5725,1543,1.411944,1.598682,1214,1.25781,34.0,2149.76,455.0,0.986749,64.07735294117647,0.02800658978583196
2026-08-11,2026-08-11,1953.9,84899,63847,1.329726,23.014405,1472,1.327378,1.733825,1106,1.302724,35.0,2656.73,424.0,1.359706,55.82571428571429,0.03164556962025317
2026-08-12,2026-08-12,2002.62,83325,60632,1.374274,24.033843,1511,1.325361,1.813381,1095,1.314131,32.0,2777.21,459.0,1.386788,62.581875,0.029223744292237442
2026-08-13,2026-08-13,2132.92,80040,59936,1.335424,26.648176,1524,1.399554,1.904048,1156,1.444278,29.0,2080.38,533.0,0.975367,73.54896551724138,0.025086505190311418
2026-08-14,2026-08-14,1943.58,72375,54901,1.318282,26.854301,1464,1.327582,2.022798,1130,1.561313,29.0,2928.9,557.0,1.506961,67.02,0.02566371681415929
2026-08-15,2026-08-15,1876.84,71630,56560,1.266443,26.201871,1403,1.337733,1.958677,1118,1.560799,31.0,2361.59,567.0,1.25828,60.54322580645161,0.027728085867620753
